Multiplier Type*,url,Multiplier Title,Multiplier Value,Description
Assembly,https://www.fsaeonline.com/cdsweb/cst/EditProcessMultipliers.aspx?CatalogVersion=2132&ProcessMultiplierID=4d61f58a-d6af-460f-a2ca-66b07573e230&Action=View,Assemble - Length > 0.5m,1.25,
Assembly,https://www.fsaeonline.com/cdsweb/cst/EditProcessMultipliers.aspx?CatalogVersion=2132&ProcessMultiplierID=6caa9006-dd4a-483c-93e2-5ad437a90436&Action=View,Disassemble,0.8, To be used when removing parts or fasteners
Fastener Installation,https://www.fsaeonline.com/cdsweb/cst/EditProcessMultipliers.aspx?CatalogVersion=2132&ProcessMultiplierID=1fa2e95f-fea0-4e6a-8595-6851b14a2f14&Action=View,Fastener Engagement Length > 2D,1.25,
Fastener Installation,https://www.fsaeonline.com/cdsweb/cst/EditProcessMultipliers.aspx?CatalogVersion=2132&ProcessMultiplierID=9abbbacb-461f-400a-9f64-ad0af3e5d0b4&Action=View,Fastener Engagement Length > 4D,1.5,
"Drill, Tap",https://www.fsaeonline.com/cdsweb/cst/EditProcessMultipliers.aspx?CatalogVersion=2132&ProcessMultiplierID=23a84f19-bd8f-4f1d-b8ef-ecc6c9d8afe8&Action=View,Machine - Hole Length >= 4D,1.5,
"Drill, Tap",https://www.fsaeonline.com/cdsweb/cst/EditProcessMultipliers.aspx?CatalogVersion=2132&ProcessMultiplierID=0f6b9308-369e-452a-82c3-d114f5ea90de&Action=View,Machine - Hole Length >= 8D,3.0,
Machining,https://www.fsaeonline.com/cdsweb/cst/EditProcessMultipliers.aspx?CatalogVersion=2132&ProcessMultiplierID=545d6cac-c9b5-471f-b436-d87a19295753&Action=View,Material - Composite,2.0,
Machining,https://www.fsaeonline.com/cdsweb/cst/EditProcessMultipliers.aspx?CatalogVersion=2132&ProcessMultiplierID=ee18b5b8-4533-4d9b-9064-ac4e8a6d3866&Action=View,Material - Aluminum,1.0,
Machining,https://www.fsaeonline.com/cdsweb/cst/EditProcessMultipliers.aspx?CatalogVersion=2132&ProcessMultiplierID=13267e32-0b34-4f24-8280-2f57f9cf1e52&Action=View,Material - Brass,0.8,
Machining,https://www.fsaeonline.com/cdsweb/cst/EditProcessMultipliers.aspx?CatalogVersion=2132&ProcessMultiplierID=f24ba734-819e-46b8-90de-646c118dee5c&Action=View,Material - Bronze,1.33,
Machining,https://www.fsaeonline.com/cdsweb/cst/EditProcessMultipliers.aspx?CatalogVersion=2132&ProcessMultiplierID=d7fe848b-1b8d-4db9-9c46-dc0915fbcc58&Action=View,Material - Cast Iron,2.5,
Machining,https://www.fsaeonline.com/cdsweb/cst/EditProcessMultipliers.aspx?CatalogVersion=2132&ProcessMultiplierID=df42a91e-7938-427b-b1d3-4b36a621bcbf&Action=View,Material - Foam,0.33,
Machining,https://www.fsaeonline.com/cdsweb/cst/EditProcessMultipliers.aspx?CatalogVersion=2132&ProcessMultiplierID=3433aabe-1d63-439d-adea-62bb25bbc183&Action=View,Material - Inconel,4.0,
Machining,https://www.fsaeonline.com/cdsweb/cst/EditProcessMultipliers.aspx?CatalogVersion=2132&ProcessMultiplierID=3a6a5c5d-ebdb-4d5e-a274-1f61eb4c669f&Action=View,Material - Magnesium,0.8,
Machining,https://www.fsaeonline.com/cdsweb/cst/EditProcessMultipliers.aspx?CatalogVersion=2132&ProcessMultiplierID=03acb45a-c171-46de-b835-18245dd8a665&Action=View,Material - MMC,4.25,
Machining,https://www.fsaeonline.com/cdsweb/cst/EditProcessMultipliers.aspx?CatalogVersion=2132&ProcessMultiplierID=3ffba62f-942c-4784-88b1-dc4b566e0d41&Action=View,Material - Nickel,1.33,
Machining,https://www.fsaeonline.com/cdsweb/cst/EditProcessMultipliers.aspx?CatalogVersion=2132&ProcessMultiplierID=cc4743ed-45a6-4876-8ae2-49ff2944c0a2&Action=View,Material - Plastic,0.5,
Machining,https://www.fsaeonline.com/cdsweb/cst/EditProcessMultipliers.aspx?CatalogVersion=2132&ProcessMultiplierID=981a5aea-3c0b-4549-a7a8-2fc12d599887&Action=View,Material - Stainless Steel,3.75,
Machining,https://www.fsaeonline.com/cdsweb/cst/EditProcessMultipliers.aspx?CatalogVersion=2132&ProcessMultiplierID=d5902e40-5cd6-4029-9894-509e35a37b1e&Action=View,Material - Steel,3.0,
Machining,https://www.fsaeonline.com/cdsweb/cst/EditProcessMultipliers.aspx?CatalogVersion=2132&ProcessMultiplierID=cc92ee76-91e3-4b4f-9a61-1bd45b73e52f&Action=View,Material - Titanium,3.65,
Machining,https://www.fsaeonline.com/cdsweb/cst/EditProcessMultipliers.aspx?CatalogVersion=2132&ProcessMultiplierID=2901c95e-3a5a-45ed-a321-5079eb832106&Action=View,Material - Wood (Hard or soft),0.5,
,https://www.fsaeonline.com/cdsweb/cst/EditProcessMultipliers.aspx?CatalogVersion=2132&ProcessMultiplierID=44df54ff-d836-4188-bd7f-ed300d9cdabe&Action=View,No Multiplier,1.0, Placeholder to multiply by 1x 
,https://www.fsaeonline.com/cdsweb/cst/EditProcessMultipliers.aspx?CatalogVersion=2132&ProcessMultiplierID=bdcc809f-536d-4933-b58c-0ea5f4c4417a&Action=View,Repeat 10,10.0," Optional, to show repetition of processes."
,https://www.fsaeonline.com/cdsweb/cst/EditProcessMultipliers.aspx?CatalogVersion=2132&ProcessMultiplierID=85e29b4a-2807-4010-bfdd-18367503df97&Action=View,Repeat 11,11.0," Optional, to show repetition of process"
,https://www.fsaeonline.com/cdsweb/cst/EditProcessMultipliers.aspx?CatalogVersion=2132&ProcessMultiplierID=43aa09d4-fac8-456b-bd68-30eb4331263f&Action=View,Repeat 12,12.0," Optional, to show repetition of processes."
,https://www.fsaeonline.com/cdsweb/cst/EditProcessMultipliers.aspx?CatalogVersion=2132&ProcessMultiplierID=48351040-9586-4646-8dce-3450121c5ddc&Action=View,Repeat 13,13.0," Optional, to show repetition of processes."
,https://www.fsaeonline.com/cdsweb/cst/EditProcessMultipliers.aspx?CatalogVersion=2132&ProcessMultiplierID=f12448a0-1fa7-46a2-ad30-4ea9af1b582f&Action=View,Repeat 14,14.0," Optional, to show repetition of processes."
,https://www.fsaeonline.com/cdsweb/cst/EditProcessMultipliers.aspx?CatalogVersion=2132&ProcessMultiplierID=3935f795-71ea-40a2-b5a4-b3545047bef1&Action=View,Repeat 15,15.0," Optional, to show repetition of processes."
,https://www.fsaeonline.com/cdsweb/cst/EditProcessMultipliers.aspx?CatalogVersion=2132&ProcessMultiplierID=020807fe-3136-4b3e-9a6c-a186abb651fa&Action=View,Repeat 16,16.0," Optional, to show repetition of processes."
,https://www.fsaeonline.com/cdsweb/cst/EditProcessMultipliers.aspx?CatalogVersion=2132&ProcessMultiplierID=4cac8d82-73ac-46da-b4fe-6fc495808a41&Action=View,Repeat 17,17.0," Optional, to show repetition of processes."
,https://www.fsaeonline.com/cdsweb/cst/EditProcessMultipliers.aspx?CatalogVersion=2132&ProcessMultiplierID=f2e7a13a-f509-4a7d-8702-65936c6754ba&Action=View,Repeat 18,18.0," Optional, to show repetition of processes."
,https://www.fsaeonline.com/cdsweb/cst/EditProcessMultipliers.aspx?CatalogVersion=2132&ProcessMultiplierID=b688f6a4-763d-40e0-8753-69ad98439640&Action=View,Repeat 19,19.0," Optional, to show repetition of processes."
,https://www.fsaeonline.com/cdsweb/cst/EditProcessMultipliers.aspx?CatalogVersion=2132&ProcessMultiplierID=ff87e201-93ed-4e09-892d-420c63caef86&Action=View,Repeat 2,2.0," Optional, to show repetition of processes."
,https://www.fsaeonline.com/cdsweb/cst/EditProcessMultipliers.aspx?CatalogVersion=2132&ProcessMultiplierID=019897e9-fbfd-46ad-a163-41cdd337532e&Action=View,Repeat 20,20.0," Optional, to show repetition of processes."
,https://www.fsaeonline.com/cdsweb/cst/EditProcessMultipliers.aspx?CatalogVersion=2132&ProcessMultiplierID=0272e5b1-0788-4aed-91c6-d304d69c91b4&Action=View,Repeat 21,21.0," Optional, to show repetition of processes."
,https://www.fsaeonline.com/cdsweb/cst/EditProcessMultipliers.aspx?CatalogVersion=2132&ProcessMultiplierID=846198bb-8245-4452-aeb1-ea2daf45a752&Action=View,Repeat 22,22.0," Optional, to show repetition of processes."
,https://www.fsaeonline.com/cdsweb/cst/EditProcessMultipliers.aspx?CatalogVersion=2132&ProcessMultiplierID=3aa7cf50-6860-4181-857d-0a2de801fc9f&Action=View,Repeat 23,23.0," Optional, to show repetition of processes."
,https://www.fsaeonline.com/cdsweb/cst/EditProcessMultipliers.aspx?CatalogVersion=2132&ProcessMultiplierID=4f5f86ca-fa34-4ebf-83c4-284237dac254&Action=View,Repeat 24,24.0," Optional, to show repetition of processes."
,https://www.fsaeonline.com/cdsweb/cst/EditProcessMultipliers.aspx?CatalogVersion=2132&ProcessMultiplierID=4930873a-34e6-4ad8-884e-a575d45f9337&Action=View,Repeat 25,25.0," Optional, to show repetition of processes."
,https://www.fsaeonline.com/cdsweb/cst/EditProcessMultipliers.aspx?CatalogVersion=2132&ProcessMultiplierID=54260c73-348b-4218-8316-66b803c54eb2&Action=View,Repeat 26,26.0," Optional, to show repetition of processes."
,https://www.fsaeonline.com/cdsweb/cst/EditProcessMultipliers.aspx?CatalogVersion=2132&ProcessMultiplierID=faae495c-71e3-49b1-a252-58f09359901a&Action=View,Repeat 27,27.0," Optional, to show repetition of processes."
,https://www.fsaeonline.com/cdsweb/cst/EditProcessMultipliers.aspx?CatalogVersion=2132&ProcessMultiplierID=6f215484-8612-4dbc-b9ea-2b7de6a49453&Action=View,Repeat 28,28.0," Optional, to show repetition of processes."
,https://www.fsaeonline.com/cdsweb/cst/EditProcessMultipliers.aspx?CatalogVersion=2132&ProcessMultiplierID=87fc46b9-2088-4f3e-a41c-e347b6954514&Action=View,Repeat 29,29.0," Optional, to show repetition of processes."
,https://www.fsaeonline.com/cdsweb/cst/EditProcessMultipliers.aspx?CatalogVersion=2132&ProcessMultiplierID=22ea7d24-3476-4864-8153-cd5b4daa943c&Action=View,Repeat 3,3.0," Optional, to show repetition of processes."
,https://www.fsaeonline.com/cdsweb/cst/EditProcessMultipliers.aspx?CatalogVersion=2132&ProcessMultiplierID=942f7f06-2686-4e90-8299-8bafed5796c1&Action=View,Repeat 30,30.0," Optional, to show repetition of processes."
,https://www.fsaeonline.com/cdsweb/cst/EditProcessMultipliers.aspx?CatalogVersion=2132&ProcessMultiplierID=2c281954-fb98-41bd-ae2c-69d6a19f54c7&Action=View,Repeat 31,31.0," Optional, to show repetition of process"
,https://www.fsaeonline.com/cdsweb/cst/EditProcessMultipliers.aspx?CatalogVersion=2132&ProcessMultiplierID=029c44a2-1b68-4272-bd4a-a6ed7960a172&Action=View,Repeat 32,32.0," Optional, to show repetition of process"
,https://www.fsaeonline.com/cdsweb/cst/EditProcessMultipliers.aspx?CatalogVersion=2132&ProcessMultiplierID=11d64ab5-8aee-49f0-9850-fc0917d58277&Action=View,Repeat 33,33.0," Optional, to show repetition of process"
,https://www.fsaeonline.com/cdsweb/cst/EditProcessMultipliers.aspx?CatalogVersion=2132&ProcessMultiplierID=a2baee96-0a0a-495c-9dcc-eac047f965b8&Action=View,Repeat 34,34.0," Optional, to show repetition of process"
,https://www.fsaeonline.com/cdsweb/cst/EditProcessMultipliers.aspx?CatalogVersion=2132&ProcessMultiplierID=429d72c5-1fa1-4e8a-9c8b-42bb73ff4203&Action=View,Repeat 35,35.0," Optional, to show repetition of process"
,https://www.fsaeonline.com/cdsweb/cst/EditProcessMultipliers.aspx?CatalogVersion=2132&ProcessMultiplierID=12788ebd-c3fd-4377-b3e7-86288fb3c53b&Action=View,Repeat 36,36.0," Optional, to show repetition of process"
,https://www.fsaeonline.com/cdsweb/cst/EditProcessMultipliers.aspx?CatalogVersion=2132&ProcessMultiplierID=ab98827c-6ba5-497b-b5aa-82210b58c53e&Action=View,Repeat 37,37.0," Optional, to show repetition of process"
,https://www.fsaeonline.com/cdsweb/cst/EditProcessMultipliers.aspx?CatalogVersion=2132&ProcessMultiplierID=1a2eaa36-3d88-4cd5-bc31-196a282f22b9&Action=View,Repeat 38,38.0," Optional, to show repetition of process"
,https://www.fsaeonline.com/cdsweb/cst/EditProcessMultipliers.aspx?CatalogVersion=2132&ProcessMultiplierID=da859a15-3f61-4921-8150-e66f888d2533&Action=View,Repeat 39,39.0," Optional, to show repetition of process"
,https://www.fsaeonline.com/cdsweb/cst/EditProcessMultipliers.aspx?CatalogVersion=2132&ProcessMultiplierID=cc842193-6a89-4e04-b7bc-acf950437acf&Action=View,Repeat 4,4.0," Optional, to show repetition of processes."
,https://www.fsaeonline.com/cdsweb/cst/EditProcessMultipliers.aspx?CatalogVersion=2132&ProcessMultiplierID=690ebd91-bf2f-4897-845f-f249cb3e3b66&Action=View,Repeat 40,40.0," Optional, to show repetition of process"
,https://www.fsaeonline.com/cdsweb/cst/EditProcessMultipliers.aspx?CatalogVersion=2132&ProcessMultiplierID=dc77169e-c5a7-4963-9a69-5a807fbe8ae6&Action=View,Repeat 41,41.0," Optional, to show repetition of process"
,https://www.fsaeonline.com/cdsweb/cst/EditProcessMultipliers.aspx?CatalogVersion=2132&ProcessMultiplierID=a2eaba21-95df-4636-a488-be073fd3dcbe&Action=View,Repeat 42,42.0," Optional, to show repetition of process"
,https://www.fsaeonline.com/cdsweb/cst/EditProcessMultipliers.aspx?CatalogVersion=2132&ProcessMultiplierID=3d351a94-15e1-466e-9906-35319e59a28e&Action=View,Repeat 43,43.0," Optional, to show repetition of process"
,https://www.fsaeonline.com/cdsweb/cst/EditProcessMultipliers.aspx?CatalogVersion=2132&ProcessMultiplierID=3dbf2214-5b0c-4561-ba2d-20bad79077a1&Action=View,Repeat 44,44.0," Optional, to show repetition of process"
,https://www.fsaeonline.com/cdsweb/cst/EditProcessMultipliers.aspx?CatalogVersion=2132&ProcessMultiplierID=4a54cbbb-ac61-42e7-b681-942411447963&Action=View,Repeat 45,45.0," Optional, to show repetition of process"
,https://www.fsaeonline.com/cdsweb/cst/EditProcessMultipliers.aspx?CatalogVersion=2132&ProcessMultiplierID=49e95bbe-e42e-454c-a5d1-cf58aab6256c&Action=View,Repeat 46,46.0," Optional, to show repetition of process"
,https://www.fsaeonline.com/cdsweb/cst/EditProcessMultipliers.aspx?CatalogVersion=2132&ProcessMultiplierID=3087bfae-51d3-4aff-ad3e-1d03aed621e5&Action=View,Repeat 47,47.0," Optional, to show repetition of process"
,https://www.fsaeonline.com/cdsweb/cst/EditProcessMultipliers.aspx?CatalogVersion=2132&ProcessMultiplierID=410a42dc-2418-4eaa-b8a0-5cd8f0b6fca7&Action=View,Repeat 48,48.0," Optional, to show repetition of process"
,https://www.fsaeonline.com/cdsweb/cst/EditProcessMultipliers.aspx?CatalogVersion=2132&ProcessMultiplierID=cd603973-1ebe-4d65-839c-fb4d215024e6&Action=View,Repeat 49,49.0," Optional, to show repetition of process"
,https://www.fsaeonline.com/cdsweb/cst/EditProcessMultipliers.aspx?CatalogVersion=2132&ProcessMultiplierID=d54df279-4cd7-4616-a476-89881311c84f&Action=View,Repeat 5,5.0," Optional, to show repetition of processes."
,https://www.fsaeonline.com/cdsweb/cst/EditProcessMultipliers.aspx?CatalogVersion=2132&ProcessMultiplierID=e4b280eb-30e2-4a29-933d-863af9eb8ae5&Action=View,Repeat 50,50.0," Optional, to show repetition of process"
,https://www.fsaeonline.com/cdsweb/cst/EditProcessMultipliers.aspx?CatalogVersion=2132&ProcessMultiplierID=9ca67391-a00c-44c0-b70e-b98daee689c1&Action=View,Repeat 51,51.0," Optional, to show repetition of process"
,https://www.fsaeonline.com/cdsweb/cst/EditProcessMultipliers.aspx?CatalogVersion=2132&ProcessMultiplierID=d27ae699-784b-4d42-83c9-e8240f4555b5&Action=View,Repeat 52,52.0," Optional, to show repetition of process"
,https://www.fsaeonline.com/cdsweb/cst/EditProcessMultipliers.aspx?CatalogVersion=2132&ProcessMultiplierID=4fc352f7-6d1e-41cb-b0e8-628e8a9c5ed9&Action=View,Repeat 53,53.0," Optional, to show repetition of process"
,https://www.fsaeonline.com/cdsweb/cst/EditProcessMultipliers.aspx?CatalogVersion=2132&ProcessMultiplierID=34f57dab-4050-47b6-bbb3-1e9ffc24a788&Action=View,Repeat 54,54.0," Optional, to show repetition of process"
,https://www.fsaeonline.com/cdsweb/cst/EditProcessMultipliers.aspx?CatalogVersion=2132&ProcessMultiplierID=d894dd65-48a0-4f73-8afe-d0897bc36ff2&Action=View,Repeat 55,55.0," Optional, to show repetition of process"
,https://www.fsaeonline.com/cdsweb/cst/EditProcessMultipliers.aspx?CatalogVersion=2132&ProcessMultiplierID=aa342a8b-2af5-409d-9d19-ac1d790e24b3&Action=View,Repeat 56,56.0," Optional, to show repetition of process"
,https://www.fsaeonline.com/cdsweb/cst/EditProcessMultipliers.aspx?CatalogVersion=2132&ProcessMultiplierID=40169cbc-d7d8-49be-8bab-29d8ab1d7f31&Action=View,Repeat 57,57.0," Optional, to show repetition of process"
,https://www.fsaeonline.com/cdsweb/cst/EditProcessMultipliers.aspx?CatalogVersion=2132&ProcessMultiplierID=e0068242-ff4a-4749-b337-4273f3cdbcdc&Action=View,Repeat 58,58.0," Optional, to show repetition of process"
,https://www.fsaeonline.com/cdsweb/cst/EditProcessMultipliers.aspx?CatalogVersion=2132&ProcessMultiplierID=3df58c6d-7393-4222-9d7f-9f9fcfad8f26&Action=View,Repeat 59,59.0," Optional, to show repetition of process"
,https://www.fsaeonline.com/cdsweb/cst/EditProcessMultipliers.aspx?CatalogVersion=2132&ProcessMultiplierID=b993496d-5235-422c-9540-71dca688e1d5&Action=View,Repeat 6,6.0," Optional, to show repetition of processes."
,https://www.fsaeonline.com/cdsweb/cst/EditProcessMultipliers.aspx?CatalogVersion=2132&ProcessMultiplierID=cc0f1656-2d95-44b9-aee8-d365be2968a4&Action=View,Repeat 60,60.0," Optional, to show repetition of process"
,https://www.fsaeonline.com/cdsweb/cst/EditProcessMultipliers.aspx?CatalogVersion=2132&ProcessMultiplierID=9cb1c28e-b2a5-43a4-99d5-298a227967d0&Action=View,Repeat 61,61.0," Optional, to show repetition of process"
,https://www.fsaeonline.com/cdsweb/cst/EditProcessMultipliers.aspx?CatalogVersion=2132&ProcessMultiplierID=f9ac25da-197d-4d32-9dcd-58bfd18bdb77&Action=View,Repeat 62,62.0," Optional, to show repetition of process"
,https://www.fsaeonline.com/cdsweb/cst/EditProcessMultipliers.aspx?CatalogVersion=2132&ProcessMultiplierID=f3daecaa-cccc-4be7-907b-16ee9e9453f6&Action=View,Repeat 63,63.0," Optional, to show repetition of process"
,https://www.fsaeonline.com/cdsweb/cst/EditProcessMultipliers.aspx?CatalogVersion=2132&ProcessMultiplierID=c7e996c7-6460-4d85-9ac5-9257ead01a75&Action=View,Repeat 64,64.0," Optional, to show repetition of process"
,https://www.fsaeonline.com/cdsweb/cst/EditProcessMultipliers.aspx?CatalogVersion=2132&ProcessMultiplierID=95d88747-4afc-4edb-ba24-866dcf3fdbe7&Action=View,Repeat 65,65.0," Optional, to show repetition of process"
,https://www.fsaeonline.com/cdsweb/cst/EditProcessMultipliers.aspx?CatalogVersion=2132&ProcessMultiplierID=7813c799-c003-43e6-b959-4d1baaf574df&Action=View,Repeat 66,66.0," Optional, to show repetition of process"
,https://www.fsaeonline.com/cdsweb/cst/EditProcessMultipliers.aspx?CatalogVersion=2132&ProcessMultiplierID=5da06dcc-e466-4eec-808c-d679b996f825&Action=View,Repeat 67,67.0," Optional, to show repetition of process"
,https://www.fsaeonline.com/cdsweb/cst/EditProcessMultipliers.aspx?CatalogVersion=2132&ProcessMultiplierID=f89de241-d08a-4cad-820e-3717e72e74fe&Action=View,Repeat 68,68.0," Optional, to show repetition of process"
,https://www.fsaeonline.com/cdsweb/cst/EditProcessMultipliers.aspx?CatalogVersion=2132&ProcessMultiplierID=cdba21fa-87fc-4022-a108-bde983d48978&Action=View,Repeat 69,69.0," Optional, to show repetition of process"
,https://www.fsaeonline.com/cdsweb/cst/EditProcessMultipliers.aspx?CatalogVersion=2132&ProcessMultiplierID=6a9484d4-d881-4155-994b-fbefad2ddcfc&Action=View,Repeat 7,7.0," Optional, to show repetition of processes."
,https://www.fsaeonline.com/cdsweb/cst/EditProcessMultipliers.aspx?CatalogVersion=2132&ProcessMultiplierID=6a531f93-c482-4325-93e6-de9bc667bd0e&Action=View,Repeat 70,70.0," Optional, to show repetition of process"
,https://www.fsaeonline.com/cdsweb/cst/EditProcessMultipliers.aspx?CatalogVersion=2132&ProcessMultiplierID=625b3588-e5dc-4bd3-a1c9-01dc1bc70037&Action=View,Repeat 71,71.0," Optional, to show repetition of process"
,https://www.fsaeonline.com/cdsweb/cst/EditProcessMultipliers.aspx?CatalogVersion=2132&ProcessMultiplierID=65736614-1d2a-444b-9f26-42cadc0255b6&Action=View,Repeat 72,72.0," Optional, to show repetition of process"
,https://www.fsaeonline.com/cdsweb/cst/EditProcessMultipliers.aspx?CatalogVersion=2132&ProcessMultiplierID=6e3c2f17-3417-40eb-969f-d50ff9e9b6f5&Action=View,Repeat 73,73.0," Optional, to show repetition of process"
,https://www.fsaeonline.com/cdsweb/cst/EditProcessMultipliers.aspx?CatalogVersion=2132&ProcessMultiplierID=feaf0f94-55bd-48a3-be9e-9b991026b4ea&Action=View,Repeat 74,74.0," Optional, to show repetition of process"
,https://www.fsaeonline.com/cdsweb/cst/EditProcessMultipliers.aspx?CatalogVersion=2132&ProcessMultiplierID=cd8dee0e-f850-4918-ae0f-39731e6ed9f4&Action=View,Repeat 75,75.0," Optional, to show repetition of process"
,https://www.fsaeonline.com/cdsweb/cst/EditProcessMultipliers.aspx?CatalogVersion=2132&ProcessMultiplierID=f1cb33d5-ee4f-4488-860d-1779ff6dac76&Action=View,Repeat 76,76.0," Optional, to show repetition of process"
,https://www.fsaeonline.com/cdsweb/cst/EditProcessMultipliers.aspx?CatalogVersion=2132&ProcessMultiplierID=5a0b720a-c589-4162-86a2-06939ab5caaa&Action=View,Repeat 77,77.0," Optional, to show repetition of process"
,https://www.fsaeonline.com/cdsweb/cst/EditProcessMultipliers.aspx?CatalogVersion=2132&ProcessMultiplierID=748d2d5e-f1db-445e-9f80-2e5ee5af42ca&Action=View,Repeat 78,78.0," Optional, to show repetition of process"
,https://www.fsaeonline.com/cdsweb/cst/EditProcessMultipliers.aspx?CatalogVersion=2132&ProcessMultiplierID=b413b033-1490-49cc-bbc5-36d6b7225ed9&Action=View,Repeat 79,79.0," Optional, to show repetition of process"
,https://www.fsaeonline.com/cdsweb/cst/EditProcessMultipliers.aspx?CatalogVersion=2132&ProcessMultiplierID=290fb5de-8314-4240-8514-a3cff3e5c99c&Action=View,Repeat 8,8.0," Optional, to show repetition of processes."
,https://www.fsaeonline.com/cdsweb/cst/EditProcessMultipliers.aspx?CatalogVersion=2132&ProcessMultiplierID=8c1d42ef-69ac-4df9-a832-db3837813efe&Action=View,Repeat 80,80.0," Optional, to show repetition of process"
,https://www.fsaeonline.com/cdsweb/cst/EditProcessMultipliers.aspx?CatalogVersion=2132&ProcessMultiplierID=29c0ee1b-57ad-469b-8cae-44782645929b&Action=View,Repeat 81,81.0," Optional, to show repetition of process"
,https://www.fsaeonline.com/cdsweb/cst/EditProcessMultipliers.aspx?CatalogVersion=2132&ProcessMultiplierID=0d12a2ce-5d75-4e10-977f-6d7a06c94ae0&Action=View,Repeat 82,82.0," Optional, to show repetition of process"
,https://www.fsaeonline.com/cdsweb/cst/EditProcessMultipliers.aspx?CatalogVersion=2132&ProcessMultiplierID=f8a230c7-26ba-4552-8f52-3830372d724c&Action=View,Repeat 83,83.0," Optional, to show repetition of process"
,https://www.fsaeonline.com/cdsweb/cst/EditProcessMultipliers.aspx?CatalogVersion=2132&ProcessMultiplierID=afde64fa-bda9-48ca-be8e-54a841998844&Action=View,Repeat 84,84.0," Optional, to show repetition of process"
,https://www.fsaeonline.com/cdsweb/cst/EditProcessMultipliers.aspx?CatalogVersion=2132&ProcessMultiplierID=e5806818-1c9e-47dc-8715-2010e28621e0&Action=View,Repeat 85,85.0," Optional, to show repetition of process"
,https://www.fsaeonline.com/cdsweb/cst/EditProcessMultipliers.aspx?CatalogVersion=2132&ProcessMultiplierID=5566b085-9336-4d3d-b850-f96d1aea773f&Action=View,Repeat 86,86.0," Optional, to show repetition of process"
,https://www.fsaeonline.com/cdsweb/cst/EditProcessMultipliers.aspx?CatalogVersion=2132&ProcessMultiplierID=a76ec933-2568-4478-afbd-099ec3a66470&Action=View,Repeat 87,87.0," Optional, to show repetition of process"
,https://www.fsaeonline.com/cdsweb/cst/EditProcessMultipliers.aspx?CatalogVersion=2132&ProcessMultiplierID=adb57630-d7f0-4e8e-83cf-e7cd4b49d777&Action=View,Repeat 88,88.0," Optional, to show repetition of process"
,https://www.fsaeonline.com/cdsweb/cst/EditProcessMultipliers.aspx?CatalogVersion=2132&ProcessMultiplierID=1d4bdb7a-cd6a-4ff9-8128-f4794a1c264f&Action=View,Repeat 89,89.0," Optional, to show repetition of process"
,https://www.fsaeonline.com/cdsweb/cst/EditProcessMultipliers.aspx?CatalogVersion=2132&ProcessMultiplierID=a9defee7-4b59-467a-ba67-c04414ddb2d2&Action=View,Repeat 9,9.0," Optional, to show repetition of processes."
,https://www.fsaeonline.com/cdsweb/cst/EditProcessMultipliers.aspx?CatalogVersion=2132&ProcessMultiplierID=57e902e6-f51d-421d-95dc-5a5e15483242&Action=View,Repeat 90,90.0," Optional, to show repetition of process"
,https://www.fsaeonline.com/cdsweb/cst/EditProcessMultipliers.aspx?CatalogVersion=2132&ProcessMultiplierID=aa905bcb-a67a-494c-9994-76326e89810b&Action=View,Repeat 91,91.0," Optional, to show repetition of process"
,https://www.fsaeonline.com/cdsweb/cst/EditProcessMultipliers.aspx?CatalogVersion=2132&ProcessMultiplierID=e5918a92-a8bc-4369-8f1c-5069ed200b82&Action=View,Repeat 92,92.0," Optional, to show repetition of process"
,https://www.fsaeonline.com/cdsweb/cst/EditProcessMultipliers.aspx?CatalogVersion=2132&ProcessMultiplierID=48e03481-bb40-4654-a17d-7555bd3a34c1&Action=View,Repeat 93,93.0," Optional, to show repetition of process"
,https://www.fsaeonline.com/cdsweb/cst/EditProcessMultipliers.aspx?CatalogVersion=2132&ProcessMultiplierID=18e6012f-a57d-4f2b-bb77-181b068d2868&Action=View,Repeat 94,94.0," Optional, to show repetition of process"
,https://www.fsaeonline.com/cdsweb/cst/EditProcessMultipliers.aspx?CatalogVersion=2132&ProcessMultiplierID=c18b3570-994d-4e1b-8ca4-363e51376ea5&Action=View,Repeat 95,95.0," Optional, to show repetition of process"
,https://www.fsaeonline.com/cdsweb/cst/EditProcessMultipliers.aspx?CatalogVersion=2132&ProcessMultiplierID=aff185d8-6343-474a-80d4-458e988130bf&Action=View,Repeat 96,96.0," Optional, to show repetition of process"
,https://www.fsaeonline.com/cdsweb/cst/EditProcessMultipliers.aspx?CatalogVersion=2132&ProcessMultiplierID=71b2c415-0b37-4891-99f8-9a2c21ff58ce&Action=View,Repeat 97,97.0," Optional, to show repetition of process"
,https://www.fsaeonline.com/cdsweb/cst/EditProcessMultipliers.aspx?CatalogVersion=2132&ProcessMultiplierID=a09ac42e-2619-458b-ba78-57850343e132&Action=View,Repeat 98,98.0," Optional, to show repetition of process"
,https://www.fsaeonline.com/cdsweb/cst/EditProcessMultipliers.aspx?CatalogVersion=2132&ProcessMultiplierID=afeafc5c-c25d-4b22-aa3e-68b68bd8d50f&Action=View,Repeat 99,99.0," Optional, to show repetition of process"
